notation,years_present,n,p_diss,p_total,suggested_fraction
111,11,111976,0.0,0.0,unspecified
76,11,96147,0.0,0.0,unspecified
61,11,95073,0.0,0.0,unspecified
85,11,94206,0.0,0.0,unspecified
135,11,87370,0.0,0.0,unspecified
118,11,83138,0.0,0.0,unspecified
117,11,77319,0.0,0.0,unspecified
9901,11,72663,1.0,0.0,dissolved
116,11,69008,0.0,1.0,total
180,11,68467,0.0,0.0,unspecified
77,11,65968,0.0,0.0,unspecified
9924,11,62964,1.0,0.0,dissolved
162,11,54846,0.0,0.0,unspecified
119,11,47576,0.0,0.0,unspecified
348,11,41151,0.0,1.0,total
92,11,40599,0.0,0.0,unspecified
172,11,28709,0.0,0.0,unspecified
301,11,25550,1.0,0.0,dissolved
7608,11,21799,0.0,0.0,unspecified
6460,11,21381,1.0,0.0,dissolved
6051,11,20230,0.0,0.0,unspecified
3410,11,20124,1.0,0.0,dissolved
52,11,19958,1.0,0.0,dissolved
106,11,19641,1.0,0.0,dissolved
3408,11,19449,1.0,0.0,dissolved
9686,11,19430,0.0,1.0,total
6450,11,18945,1.0,0.0,dissolved
239,11,18666,1.0,0.0,dissolved
235,11,16655,1.0,0.0,dissolved
2348,11,16595,0.0,0.0,unspecified
3722,11,16180,0.0,0.0,unspecified
3723,11,14633,0.0,0.0,unspecified
3409,11,14627,1.0,0.0,dissolved
182,11,14097,0.0,0.0,unspecified
6455,11,14057,0.0,0.0,unspecified
6458,11,13946,1.0,0.0,dissolved
6452,11,13518,0.0,0.0,unspecified
108,11,12878,0.0,0.0,unspecified
50,11,12291,0.0,0.0,unspecified
192,11,12271,0.0,0.0,unspecified
114,11,11795,0.0,0.0,unspecified
6462,11,11750,0.0,0.0,unspecified
7887,11,11294,0.0,0.0,unspecified
158,11,11102,0.0,1.0,total
4865,11,10969,1.0,0.0,dissolved
113,11,10755,0.0,0.0,unspecified
209,11,10729,1.0,0.0,dissolved
6057,11,10714,0.0,0.0,unspecified
205,11,10681,1.0,0.0,dissolved
9447,11,10556,1.0,0.0,dissolved
4823,11,10433,0.0,0.0,unspecified
4826,11,10433,0.0,0.0,unspecified
4824,11,10432,0.0,0.0,unspecified
4827,11,10432,0.0,0.0,unspecified
9156,11,10427,0.0,0.0,unspecified
8046,11,10422,0.0,0.0,unspecified
9691,11,10422,0.0,0.0,unspecified
9161,11,10420,0.0,0.0,unspecified
6037,11,9898,1.0,0.0,dissolved
9446,11,9337,1.0,0.0,dissolved
6693,11,9331,1.0,0.0,dissolved
4201,11,9300,1.0,0.0,dissolved
183,11,9229,0.0,0.0,unspecified
7859,11,9127,1.0,0.0,dissolved
9856,11,8983,1.0,0.0,dissolved
3164,11,8577,0.0,0.0,unspecified
6050,11,8364,0.0,0.0,unspecified
9943,11,8327,1.0,1.0,unspecified
6019,11,7848,0.0,0.0,unspecified
6020,11,7848,0.0,0.0,unspecified
4926,11,7793,1.0,0.0,dissolved
241,11,7775,0.0,0.0,unspecified
9993,11,7623,1.0,0.0,dissolved
237,11,7544,0.0,0.0,unspecified
7434,11,7456,0.0,0.0,unspecified
6,11,7444,0.0,0.0,unspecified
4,11,7429,0.0,0.0,unspecified
7342,11,7421,0.0,0.0,unspecified
3428,11,7331,0.0,0.0,unspecified
664,11,7232,0.0,0.0,unspecified
207,11,6935,0.0,0.0,unspecified
211,11,6925,0.0,0.0,unspecified
7668,11,6652,0.0,0.0,unspecified
3976,11,6586,0.0,0.0,unspecified
9857,11,6582,1.0,0.0,dissolved
6059,11,6535,0.0,0.0,unspecified
6485,11,6517,1.0,0.0,dissolved
3377,11,6123,0.0,0.0,unspecified
3878,11,5969,0.0,0.0,unspecified
6063,11,5781,0.0,0.0,unspecified
6062,11,5769,0.0,0.0,unspecified
4821,11,5753,0.0,0.0,unspecified
6064,11,5752,0.0,0.0,unspecified
4822,11,5664,0.0,0.0,unspecified
4820,11,5610,0.0,0.0,unspecified
3169,11,5302,0.0,0.0,unspecified
3632,11,5183,0.0,0.0,unspecified
6396,11,5137,0.0,0.0,unspecified
177,11,4831,0.0,0.0,unspecified
9853,11,4716,1.0,0.0,dissolved
103,11,4715,1.0,0.0,dissolved
7044,11,4688,0.0,0.0,unspecified
8944,11,4609,0.0,0.0,unspecified
4925,11,4574,1.0,0.0,dissolved
3373,11,4177,0.0,0.0,unspecified
4994,11,3839,0.0,0.0,unspecified
3272,11,3637,0.0,0.0,unspecified
4574,11,3510,0.0,0.0,unspecified
6399,11,3415,0.0,0.0,unspecified
3781,11,3390,0.0,0.0,unspecified
6045,11,3390,1.0,0.0,dissolved
736,11,3313,0.0,0.0,unspecified
733,11,3273,0.0,0.0,unspecified
731,11,3228,0.0,0.0,unspecified
714,11,3227,0.0,0.0,unspecified
746,11,3226,0.0,0.0,unspecified
5732,11,3013,0.0,0.0,unspecified
6425,11,2875,0.0,1.0,total
3268,11,2705,0.0,0.0,unspecified
9190,11,2591,0.0,0.0,unspecified
1049,11,2552,0.0,0.0,unspecified
3784,11,2479,0.0,0.0,unspecified
105,11,2355,0.0,0.0,unspecified
72,11,2328,1.0,0.0,dissolved
499,11,2177,0.0,0.0,unspecified
9584,11,2062,0.0,0.0,unspecified
3386,11,2020,1.0,0.0,dissolved
9845,11,1933,0.0,0.0,unspecified
6716,11,1876,0.0,0.0,unspecified
555,11,1836,0.0,0.0,unspecified
175,11,1834,0.0,0.0,unspecified
6619,11,1823,1.0,0.0,dissolved
539,11,1820,0.0,0.0,unspecified
551,11,1817,0.0,0.0,unspecified
559,11,1812,0.0,0.0,unspecified
3328,11,1745,0.0,0.0,unspecified
3334,11,1742,0.0,0.0,unspecified
3299,11,1638,0.0,0.0,unspecified
4621,11,1620,0.0,0.0,unspecified
9011,11,1620,0.0,0.0,unspecified
9013,11,1620,0.0,0.0,unspecified
9015,11,1620,0.0,0.0,unspecified
9017,11,1620,0.0,0.0,unspecified
9019,11,1620,0.0,0.0,unspecified
576,11,1542,0.0,0.0,unspecified
73,11,1494,0.0,0.0,unspecified
507,11,1488,0.0,0.0,unspecified
9768,11,1444,0.0,0.0,unspecified
9770,11,1440,0.0,0.0,unspecified
9267,11,1434,0.0,0.0,unspecified
6046,11,1433,0.0,0.0,unspecified
9769,11,1432,0.0,0.0,unspecified
491,11,1429,0.0,0.0,unspecified
9771,11,1429,0.0,0.0,unspecified
9773,11,1428,0.0,0.0,unspecified
487,11,1427,0.0,0.0,unspecified
9772,11,1425,0.0,0.0,unspecified
9774,11,1401,0.0,0.0,unspecified
6648,11,1374,0.0,0.0,unspecified
723,11,1362,0.0,0.0,unspecified
3545,11,1361,0.0,0.0,unspecified
6447,11,1346,0.0,0.0,unspecified
174,11,1339,0.0,0.0,unspecified
9522,11,1267,0.0,0.0,unspecified
8999,11,1264,0.0,0.0,unspecified
495,11,1252,0.0,0.0,unspecified
3009,11,1240,0.0,0.0,unspecified
9341,11,1177,0.0,0.0,unspecified
1085,11,1174,0.0,0.0,unspecified
9342,11,1155,0.0,0.0,unspecified
9051,11,1148,0.0,0.0,unspecified
8865,11,1099,0.0,0.0,unspecified
8864,11,1094,0.0,0.0,unspecified
535,11,1087,0.0,0.0,unspecified
527,11,1086,0.0,0.0,unspecified
9892,11,1037,0.0,0.0,unspecified
511,11,1015,0.0,0.0,unspecified
483,11,1014,0.0,0.0,unspecified
753,11,1014,0.0,1.0,total
9494,11,1012,0.0,0.0,unspecified
7299,11,1005,0.0,0.0,unspecified
562,11,1001,0.0,0.0,unspecified
6753,11,997,0.0,0.0,unspecified
5446,11,989,0.0,0.0,unspecified
911,11,972,0.0,0.0,unspecified
9050,11,966,0.0,0.0,unspecified
9052,11,959,0.0,0.0,unspecified
6615,11,909,0.0,0.0,unspecified
9669,11,876,0.0,0.0,unspecified
8394,11,874,0.0,0.0,unspecified
3401,11,846,0.0,0.0,unspecified
8310,11,780,0.0,0.0,unspecified
772,11,779,0.0,0.0,unspecified
9671,11,779,0.0,0.0,unspecified
7325,11,776,0.0,0.0,unspecified
912,11,731,0.0,1.0,total
3106,11,721,0.0,0.0,unspecified
8311,11,714,0.0,0.0,unspecified
8360,11,711,0.0,0.0,unspecified
7864,11,710,0.0,0.0,unspecified
7395,11,704,0.0,0.0,unspecified
9589,11,683,0.0,0.0,unspecified
254,11,681,0.0,0.0,unspecified
329,11,681,0.0,0.0,unspecified
376,11,665,0.0,0.0,unspecified
216,11,664,0.0,0.0,unspecified
246,11,664,0.0,0.0,unspecified
430,11,664,0.0,0.0,unspecified
357,11,663,0.0,0.0,unspecified
8940,11,658,0.0,0.0,unspecified
9003,11,658,0.0,0.0,unspecified
380,11,648,0.0,0.0,unspecified
7559,11,642,0.0,0.0,unspecified
9170,11,580,0.0,0.0,unspecified
4010,11,557,0.0,0.0,unspecified
270,11,555,0.0,0.0,unspecified
3421,11,535,0.0,0.0,unspecified
8383,11,492,0.0,0.0,unspecified
666,11,485,0.0,0.0,unspecified
7526,11,436,0.0,0.0,unspecified
7558,11,424,0.0,0.0,unspecified
7561,11,387,0.0,0.0,unspecified
7610,11,265,0.0,0.0,unspecified
7532,11,203,0.0,0.0,unspecified
7163,11,192,0.0,0.0,unspecified
7164,11,192,0.0,0.0,unspecified
3648,11,191,0.0,0.0,unspecified
5000,11,159,0.0,0.0,unspecified
9832,11,128,0.0,0.0,unspecified
4905,11,104,1.0,0.0,dissolved
9276,10,2045,0.0,0.0,unspecified
9274,10,1973,0.0,0.0,unspecified
9811,10,1598,0.0,0.0,unspecified
3341,10,1389,0.0,0.0,unspecified
9888,10,1376,0.0,0.0,unspecified
3290,10,1375,0.0,0.0,unspecified
6534,10,1368,0.0,0.0,unspecified
7531,10,1368,0.0,0.0,unspecified
4117,10,1367,0.0,0.0,unspecified
6715,10,1363,0.0,0.0,unspecified
3283,10,1358,0.0,0.0,unspecified
3292,10,1358,0.0,0.0,unspecified
6656,10,1350,0.0,0.0,unspecified
3269,10,1349,0.0,0.0,unspecified
9839,10,1349,0.0,0.0,unspecified
9844,10,1349,0.0,0.0,unspecified
6538,10,1348,0.0,0.0,unspecified
6539,10,1347,0.0,0.0,unspecified
9836,10,1344,0.0,0.0,unspecified
3282,10,1330,0.0,0.0,unspecified
3118,10,1287,0.0,0.0,unspecified
3811,10,1285,0.0,0.0,unspecified
3117,10,1279,0.0,0.0,unspecified
6760,10,1178,0.0,0.0,unspecified
6980,10,1178,0.0,0.0,unspecified
9339,10,1178,0.0,0.0,unspecified
9343,10,1178,0.0,0.0,unspecified
9756,10,1178,0.0,0.0,unspecified
3399,10,1177,0.0,0.0,unspecified
8806,10,1177,0.0,0.0,unspecified
9073,10,1177,0.0,0.0,unspecified
9345,10,1177,0.0,0.0,unspecified
3130,10,1176,0.0,0.0,unspecified
3400,10,1176,0.0,0.0,unspecified
9348,10,1176,0.0,0.0,unspecified
6971,10,1175,0.0,0.0,unspecified
6972,10,1175,0.0,0.0,unspecified
8807,10,1175,0.0,0.0,unspecified
3549,10,1174,0.0,0.0,unspecified
3004,10,1173,0.0,0.0,unspecified
7053,10,1167,0.0,0.0,unspecified
4065,10,1161,0.0,0.0,unspecified
6987,10,1160,0.0,0.0,unspecified
3475,10,1138,0.0,0.0,unspecified
5889,10,1136,0.0,0.0,unspecified
6955,10,1135,0.0,0.0,unspecified
9861,10,1129,0.0,0.0,unspecified
3002,10,1083,0.0,0.0,unspecified
3925,10,1077,0.0,0.0,unspecified
3001,10,1076,0.0,0.0,unspecified
3548,10,1069,0.0,0.0,unspecified
3551,10,1061,0.0,0.0,unspecified
3552,10,1057,0.0,0.0,unspecified
3790,10,1057,0.0,0.0,unspecified
3791,10,1057,0.0,0.0,unspecified
9068,10,1057,0.0,0.0,unspecified
3792,10,1056,0.0,0.0,unspecified
4064,10,1056,0.0,0.0,unspecified
3546,10,1055,0.0,0.0,unspecified
3555,10,1055,0.0,0.0,unspecified
7726,10,1054,0.0,0.0,unspecified
9883,10,1053,0.0,0.0,unspecified
3550,10,1050,0.0,0.0,unspecified
9716,10,1046,0.0,0.0,unspecified
6449,10,1044,0.0,0.0,unspecified
6620,10,1013,0.0,0.0,unspecified
503,10,934,0.0,0.0,unspecified
9978,10,911,0.0,0.0,unspecified
1200,10,876,0.0,1.0,total
3342,10,841,0.0,0.0,unspecified
9814,10,839,0.0,0.0,unspecified
9816,10,830,0.0,0.0,unspecified
569,10,822,0.0,0.0,unspecified
570,10,818,0.0,0.0,unspecified
9989,10,817,0.0,0.0,unspecified
9819,10,742,0.0,0.0,unspecified
3343,10,737,0.0,0.0,unspecified
5562,10,737,0.0,0.0,unspecified
9094,10,734,0.0,0.0,unspecified
9091,10,733,0.0,0.0,unspecified
9451,10,733,0.0,0.0,unspecified
5560,10,732,0.0,0.0,unspecified
5561,10,732,0.0,0.0,unspecified
6569,10,732,0.0,0.0,unspecified
6577,10,732,0.0,0.0,unspecified
9815,10,732,0.0,0.0,unspecified
9817,10,732,0.0,0.0,unspecified
9703,10,731,0.0,0.0,unspecified
5558,10,728,0.0,0.0,unspecified
9818,10,724,0.0,0.0,unspecified
9863,10,724,0.0,0.0,unspecified
1118,10,722,0.0,0.0,unspecified
1119,10,711,0.0,0.0,unspecified
9715,10,710,0.0,0.0,unspecified
543,10,709,0.0,0.0,unspecified
6584,10,674,0.0,0.0,unspecified
9453,10,673,0.0,0.0,unspecified
9454,10,673,0.0,0.0,unspecified
4840,10,670,0.0,0.0,unspecified
4842,10,670,0.0,0.0,unspecified
9005,10,631,0.0,0.0,unspecified
220,10,593,0.0,0.0,unspecified
9586,10,568,0.0,0.0,unspecified
258,10,567,0.0,0.0,unspecified
8804,10,565,0.0,0.0,unspecified
9851,10,565,0.0,0.0,unspecified
8998,10,564,0.0,0.0,unspecified
9000,10,564,0.0,0.0,unspecified
9606,10,564,0.0,0.0,unspecified
6976,10,563,0.0,0.0,unspecified
8997,10,563,0.0,0.0,unspecified
9474,10,563,0.0,0.0,unspecified
9479,10,563,0.0,0.0,unspecified
6628,10,562,0.0,0.0,unspecified
9959,10,562,0.0,0.0,unspecified
6487,10,561,0.0,0.0,unspecified
6649,10,561,0.0,0.0,unspecified
9979,10,560,0.0,0.0,unspecified
6448,10,559,0.0,0.0,unspecified
6776,10,559,0.0,0.0,unspecified
6640,10,558,0.0,0.0,unspecified
7181,10,558,0.0,0.0,unspecified
9860,10,558,0.0,0.0,unspecified
7159,10,555,0.0,0.0,unspecified
9338,10,555,0.0,0.0,unspecified
284,10,553,0.0,0.0,unspecified
325,10,553,0.0,0.0,unspecified
353,10,553,0.0,0.0,unspecified
384,10,553,0.0,0.0,unspecified
422,10,553,0.0,0.0,unspecified
426,10,553,0.0,0.0,unspecified
288,10,552,0.0,0.0,unspecified
404,10,552,0.0,0.0,unspecified
212,10,550,0.0,0.0,unspecified
349,10,550,0.0,0.0,unspecified
7154,10,550,0.0,0.0,unspecified
9002,10,550,0.0,0.0,unspecified
9911,10,549,0.0,0.0,unspecified
204,10,548,0.0,0.0,unspecified
9634,10,548,0.0,0.0,unspecified
208,10,539,0.0,0.0,unspecified
234,10,539,0.0,0.0,unspecified
238,10,539,0.0,0.0,unspecified
242,10,539,0.0,0.0,unspecified
250,10,539,0.0,0.0,unspecified
292,10,539,0.0,0.0,unspecified
317,10,539,0.0,0.0,unspecified
361,10,539,0.0,0.0,unspecified
5563,10,523,0.0,0.0,unspecified
6635,10,523,0.0,0.0,unspecified
9519,10,514,0.0,0.0,unspecified
7444,10,466,0.0,0.0,unspecified
8942,10,393,0.0,0.0,unspecified
9197,10,371,0.0,0.0,unspecified
9258,10,371,0.0,0.0,unspecified
8995,10,303,0.0,0.0,unspecified
577,10,302,0.0,0.0,unspecified
581,10,302,0.0,0.0,unspecified
9350,10,302,0.0,0.0,unspecified
3119,10,300,0.0,0.0,unspecified
9477,10,300,0.0,0.0,unspecified
3113,10,299,0.0,0.0,unspecified
578,10,298,0.0,0.0,unspecified
9990,10,295,0.0,0.0,unspecified
573,10,293,0.0,0.0,unspecified
7135,10,293,0.0,0.0,unspecified
579,10,277,0.0,0.0,unspecified
6982,10,243,0.0,1.0,total
9905,10,193,0.0,0.0,unspecified
8680,10,184,0.0,1.0,total
9889,10,179,0.0,0.0,unspecified
9899,10,178,0.0,0.0,unspecified
9898,10,177,0.0,0.0,unspecified
3398,10,139,0.0,0.0,unspecified
3407,10,139,0.0,0.0,unspecified
3412,10,139,0.0,0.0,unspecified
3414,10,139,0.0,0.0,unspecified
3415,10,139,0.0,0.0,unspecified
3419,10,139,0.0,0.0,unspecified
8646,10,136,0.0,0.0,unspecified
8647,10,136,0.0,0.0,unspecified
3252,10,134,0.0,0.0,unspecified
5577,10,132,0.0,0.0,unspecified
8648,10,125,0.0,0.0,unspecified
3542,10,124,0.0,0.0,unspecified
1528,10,123,0.0,0.0,unspecified
3543,10,123,0.0,0.0,unspecified
3378,10,120,0.0,1.0,total
3153,10,115,0.0,0.0,unspecified
7139,10,109,0.0,0.0,unspecified
8651,10,109,0.0,0.0,unspecified
62,10,104,0.0,0.0,unspecified
3144,10,103,0.0,0.0,unspecified
3150,10,103,0.0,0.0,unspecified
3156,10,101,0.0,0.0,unspecified
3159,10,101,0.0,0.0,unspecified
3162,10,101,0.0,0.0,unspecified
7162,10,99,0.0,0.0,unspecified
3147,10,96,0.0,0.0,unspecified
9944,10,94,0.0,0.0,unspecified
9945,10,94,0.0,0.0,unspecified
3649,10,92,0.0,0.0,unspecified
3375,10,84,0.0,0.0,unspecified
5863,9,1451,0.0,0.0,unspecified
575,9,1441,0.0,0.0,unspecified
9344,9,1157,0.0,0.0,unspecified
3086,9,1144,0.0,0.0,unspecified
5047,9,1116,0.0,0.0,unspecified
6724,9,1108,0.0,0.0,unspecified
5042,9,1079,0.0,0.0,unspecified
5050,9,1069,0.0,0.0,unspecified
3547,9,1000,0.0,0.0,unspecified
6672,9,1000,0.0,0.0,unspecified
6673,9,999,0.0,0.0,unspecified
7025,9,991,0.0,0.0,unspecified
6671,9,986,0.0,0.0,unspecified
9007,9,600,0.0,0.0,unspecified
9009,9,599,0.0,0.0,unspecified
9021,9,599,0.0,0.0,unspecified
4875,9,420,0.0,0.0,unspecified
4912,9,420,0.0,0.0,unspecified
7331,9,420,0.0,0.0,unspecified
7467,9,420,0.0,0.0,unspecified
7468,9,420,0.0,0.0,unspecified
7469,9,420,0.0,0.0,unspecified
7470,9,420,0.0,0.0,unspecified
7473,9,420,0.0,0.0,unspecified
7474,9,420,0.0,0.0,unspecified
7475,9,420,0.0,0.0,unspecified
7476,9,420,0.0,0.0,unspecified
7477,9,420,0.0,0.0,unspecified
7478,9,420,0.0,0.0,unspecified
7479,9,420,0.0,0.0,unspecified
7480,9,420,0.0,0.0,unspecified
7481,9,420,0.0,0.0,unspecified
7482,9,420,0.0,0.0,unspecified
7483,9,420,0.0,0.0,unspecified
7484,9,420,0.0,0.0,unspecified
7629,9,420,0.0,0.0,unspecified
3664,9,374,0.0,0.0,unspecified
4873,9,374,0.0,0.0,unspecified
7485,9,374,0.0,0.0,unspecified
7486,9,374,0.0,0.0,unspecified
7487,9,374,0.0,0.0,unspecified
7488,9,374,0.0,0.0,unspecified
3666,9,372,0.0,0.0,unspecified
3667,9,372,0.0,0.0,unspecified
3668,9,372,0.0,0.0,unspecified
3669,9,372,0.0,0.0,unspecified
3670,9,372,0.0,0.0,unspecified
3671,9,372,0.0,0.0,unspecified
3672,9,372,0.0,0.0,unspecified
3673,9,372,0.0,0.0,unspecified
3674,9,372,0.0,0.0,unspecified
3675,9,372,0.0,0.0,unspecified
4131,9,372,0.0,0.0,unspecified
7489,9,372,0.0,0.0,unspecified
7512,9,372,0.0,0.0,unspecified
6047,9,368,1.0,0.0,dissolved
7562,9,304,0.0,0.0,unspecified
5862,9,233,0.0,0.0,unspecified
3372,9,229,0.0,0.0,unspecified
6061,9,174,0.0,0.0,unspecified
7261,9,121,0.0,0.0,unspecified
8406,9,121,0.0,0.0,unspecified
8414,9,121,0.0,0.0,unspecified
1488,9,95,0.0,0.0,unspecified
1492,9,95,0.0,0.0,unspecified
1500,9,95,0.0,0.0,unspecified
4060,9,93,0.0,0.0,unspecified
3376,9,75,0.0,0.0,unspecified
7223,9,73,0.0,0.0,unspecified
7225,9,73,0.0,0.0,unspecified
747,9,73,0.0,0.0,unspecified
8431,9,73,0.0,0.0,unspecified
3379,9,62,0.0,0.0,unspecified
3383,9,62,0.0,0.0,unspecified
3384,9,62,0.0,0.0,unspecified
9248,8,823,0.0,1.0,total
5157,8,760,0.0,0.0,unspecified
3478,8,752,0.0,0.0,unspecified
6603,8,752,0.0,0.0,unspecified
7086,8,749,0.0,0.0,unspecified
3472,8,652,0.0,0.0,unspecified
4575,8,318,0.0,0.0,unspecified
4914,8,273,0.0,0.0,unspecified
3249,8,252,0.0,0.0,unspecified
3665,8,250,0.0,0.0,unspecified
3680,8,167,0.0,0.0,unspecified
3682,8,167,0.0,0.0,unspecified
3798,8,167,0.0,0.0,unspecified
3800,8,167,0.0,0.0,unspecified
603,8,167,0.0,0.0,unspecified
6400,8,167,0.0,0.0,unspecified
715,8,167,0.0,0.0,unspecified
737,8,167,0.0,0.0,unspecified
9987,8,167,0.0,0.0,unspecified
1188,8,123,0.0,0.0,unspecified
461,8,117,0.0,0.0,unspecified
1496,8,90,0.0,0.0,unspecified
5041,8,71,0.0,0.0,unspecified
6644,8,71,0.0,0.0,unspecified
9951,8,71,0.0,0.0,unspecified
3361,8,65,0.0,0.0,unspecified
1540,8,63,0.0,0.0,unspecified
1552,8,63,0.0,0.0,unspecified
1560,8,63,0.0,0.0,unspecified
8403,8,63,0.0,0.0,unspecified
8405,8,63,0.0,0.0,unspecified
8407,8,63,0.0,0.0,unspecified
8415,8,63,0.0,0.0,unspecified
8416,8,63,0.0,0.0,unspecified
1484,8,61,0.0,0.0,unspecified
1512,8,61,0.0,0.0,unspecified
1556,8,61,0.0,0.0,unspecified
1568,8,60,0.0,0.0,unspecified
4838,8,34,0.0,0.0,unspecified
3007,7,1075,0.0,0.0,unspecified
4883,7,1012,0.0,0.0,unspecified
6699,7,630,1.0,0.0,dissolved
4913,7,227,0.0,0.0,unspecified
3152,7,151,0.0,0.0,unspecified
7773,7,142,0.0,0.0,unspecified
3143,7,132,0.0,0.0,unspecified
3146,7,132,0.0,0.0,unspecified
3149,7,132,0.0,0.0,unspecified
3155,7,132,0.0,0.0,unspecified
3158,7,132,0.0,0.0,unspecified
3161,7,132,0.0,0.0,unspecified
3652,7,119,0.0,0.0,unspecified
8649,7,70,0.0,0.0,unspecified
8652,7,70,0.0,0.0,unspecified
8653,7,70,0.0,0.0,unspecified
8654,7,70,0.0,0.0,unspecified
6060,7,67,0.0,0.0,unspecified
5044,7,64,0.0,0.0,unspecified
5045,7,64,0.0,0.0,unspecified
5048,7,64,0.0,0.0,unspecified
6643,7,64,0.0,0.0,unspecified
7028,7,64,0.0,0.0,unspecified
4876,7,63,0.0,0.0,unspecified
5923,7,63,0.0,0.0,unspecified
3203,7,58,0.0,0.0,unspecified
8650,7,57,0.0,0.0,unspecified
3360,7,56,0.0,0.0,unspecified
5049,7,55,0.0,0.0,unspecified
3681,7,51,0.0,0.0,unspecified
3794,7,51,0.0,0.0,unspecified
3804,7,51,0.0,0.0,unspecified
766,7,51,0.0,0.0,unspecified
768,7,51,0.0,0.0,unspecified
7781,7,51,0.0,0.0,unspecified
8382,7,51,0.0,0.0,unspecified
4797,7,32,0.0,0.0,unspecified
9337,7,28,0.0,0.0,unspecified
4321,7,27,1.0,1.0,unspecified
7867,6,1959,1.0,0.0,dissolved
7190,6,1833,1.0,0.0,dissolved
3724,6,1314,0.0,0.0,unspecified
163,6,746,0.0,0.0,unspecified
9885,6,643,1.0,0.0,dissolved
9472,6,242,0.0,0.0,unspecified
3251,6,122,0.0,0.0,unspecified
3253,6,116,0.0,0.0,unspecified
4061,6,116,0.0,0.0,unspecified
5026,6,116,0.0,0.0,unspecified
5093,6,116,0.0,0.0,unspecified
5094,6,116,0.0,0.0,unspecified
5099,6,116,0.0,0.0,unspecified
8082,6,116,0.0,0.0,unspecified
8083,6,116,0.0,0.0,unspecified
8084,6,116,0.0,0.0,unspecified
8086,6,116,0.0,0.0,unspecified
8087,6,116,0.0,0.0,unspecified
8088,6,116,0.0,0.0,unspecified
8089,6,116,0.0,0.0,unspecified
8240,6,116,0.0,0.0,unspecified
9012,6,116,0.0,0.0,unspecified
9014,6,116,0.0,0.0,unspecified
9016,6,116,0.0,0.0,unspecified
9018,6,116,0.0,0.0,unspecified
9020,6,116,0.0,0.0,unspecified
4084,6,85,0.0,0.0,unspecified
3557,6,45,0.0,0.0,unspecified
9942,6,45,0.0,1.0,total
3820,6,39,0.0,0.0,unspecified
5886,6,39,0.0,0.0,unspecified
9590,6,39,0.0,0.0,unspecified
8115,6,30,0.0,0.0,unspecified
9952,6,23,0.0,0.0,unspecified
4927,6,21,0.0,0.0,unspecified
7221,6,21,0.0,0.0,unspecified
7259,6,21,0.0,0.0,unspecified
7303,6,21,0.0,0.0,unspecified
7347,6,21,0.0,0.0,unspecified
3819,6,17,0.0,0.0,unspecified
4906,6,17,0.0,0.0,unspecified
8776,6,17,0.0,0.0,unspecified
3527,5,1292,0.0,0.0,unspecified
7125,5,1041,0.0,0.0,unspecified
8888,5,945,0.0,0.0,unspecified
8893,5,945,0.0,0.0,unspecified
8889,5,944,0.0,0.0,unspecified
8891,5,944,0.0,0.0,unspecified
8890,5,943,0.0,0.0,unspecified
8887,5,942,0.0,0.0,unspecified
8892,5,935,0.0,0.0,unspecified
8894,5,921,0.0,0.0,unspecified
2963,5,893,0.0,0.0,unspecified
2967,5,893,0.0,0.0,unspecified
2969,5,893,0.0,0.0,unspecified
2973,5,893,0.0,0.0,unspecified
2975,5,893,0.0,0.0,unspecified
2977,5,893,0.0,0.0,unspecified
2982,5,893,0.0,0.0,unspecified
2984,5,893,0.0,0.0,unspecified
2990,5,893,0.0,0.0,unspecified
2991,5,893,0.0,0.0,unspecified
2961,5,892,0.0,0.0,unspecified
2964,5,892,0.0,0.0,unspecified
2989,5,892,0.0,0.0,unspecified
2960,5,891,0.0,0.0,unspecified
2962,5,891,0.0,0.0,unspecified
2965,5,891,0.0,0.0,unspecified
2981,5,891,0.0,0.0,unspecified
2970,5,890,0.0,0.0,unspecified
2972,5,890,0.0,0.0,unspecified
2995,5,889,0.0,0.0,unspecified
2988,5,887,0.0,0.0,unspecified
2959,5,885,0.0,0.0,unspecified
2957,5,880,0.0,0.0,unspecified
2983,5,872,0.0,0.0,unspecified
2993,5,870,0.0,0.0,unspecified
2953,5,869,0.0,0.0,unspecified
2968,5,866,0.0,0.0,unspecified
2955,5,863,0.0,0.0,unspecified
2987,5,857,0.0,0.0,unspecified
8895,5,815,0.0,0.0,unspecified
6830,5,588,1.0,0.0,dissolved
7136,5,588,1.0,0.0,dissolved
6052,5,582,1.0,0.0,dissolved
6038,5,577,1.0,0.0,dissolved
7137,5,576,1.0,0.0,dissolved
3387,5,478,0.0,0.0,unspecified
3388,5,478,0.0,0.0,unspecified
3390,5,478,0.0,0.0,unspecified
3391,5,478,0.0,0.0,unspecified
3366,5,436,0.0,0.0,unspecified
1109,5,283,0.0,1.0,total
4924,5,209,0.0,0.0,unspecified
7071,5,192,0.0,0.0,unspecified
547,5,186,0.0,0.0,unspecified
9862,5,186,0.0,0.0,unspecified
8896,5,185,0.0,0.0,unspecified
6988,5,58,0.0,0.0,unspecified
153,5,55,0.0,0.0,unspecified
8430,5,51,0.0,0.0,unspecified
4871,5,48,0.0,0.0,unspecified
8473,5,45,0.0,0.0,unspecified
8474,5,45,0.0,0.0,unspecified
8475,5,45,0.0,0.0,unspecified
8981,5,45,0.0,0.0,unspecified
8983,5,45,0.0,0.0,unspecified
8984,5,45,0.0,0.0,unspecified
1012,5,42,0.0,0.0,unspecified
166,5,41,0.0,0.0,unspecified
8453,5,34,0.0,0.0,unspecified
3385,5,32,0.0,0.0,unspecified
9573,5,27,0.0,0.0,unspecified
3812,5,26,0.0,0.0,unspecified
4869,5,26,0.0,0.0,unspecified
4809,5,19,0.0,0.0,unspecified
7337,5,16,0.0,0.0,unspecified
8106,5,16,0.0,0.0,unspecified
5121,5,13,0.0,0.0,unspecified
4836,5,8,0.0,0.0,unspecified
6705,4,879,0.0,1.0,total
2922,4,840,0.0,0.0,unspecified
2924,4,840,0.0,0.0,unspecified
2926,4,840,0.0,0.0,unspecified
2944,4,839,0.0,0.0,unspecified
2921,4,837,0.0,0.0,unspecified
2923,4,834,0.0,0.0,unspecified
2943,4,831,0.0,0.0,unspecified
2925,4,811,0.0,0.0,unspecified
2942,4,662,0.0,0.0,unspecified
6453,4,577,1.0,0.0,dissolved
1120,4,81,0.0,0.0,unspecified
463,4,74,0.0,0.0,unspecified
8287,4,74,0.0,0.0,unspecified
9196,4,74,0.0,0.0,unspecified
9198,4,74,0.0,0.0,unspecified
6049,4,73,0.0,0.0,unspecified
69,4,58,0.0,0.0,unspecified
3817,4,43,0.0,0.0,unspecified
6058,4,32,0.0,0.0,unspecified
6040,4,24,0.0,0.0,unspecified
3806,4,23,0.0,0.0,unspecified
9435,4,23,0.0,0.0,unspecified
3182,4,22,0.0,0.0,unspecified
3183,4,22,0.0,0.0,unspecified
3185,4,22,0.0,0.0,unspecified
3186,4,22,0.0,0.0,unspecified
3188,4,22,0.0,0.0,unspecified
3189,4,22,0.0,0.0,unspecified
3190,4,22,0.0,0.0,unspecified
3191,4,22,0.0,0.0,unspecified
3192,4,22,0.0,0.0,unspecified
3193,4,22,0.0,0.0,unspecified
3194,4,22,0.0,0.0,unspecified
3195,4,22,0.0,0.0,unspecified
3196,4,22,0.0,0.0,unspecified
3197,4,22,0.0,0.0,unspecified
3198,4,22,0.0,0.0,unspecified
3199,4,22,0.0,0.0,unspecified
3200,4,22,0.0,0.0,unspecified
3202,4,22,0.0,0.0,unspecified
3205,4,22,0.0,0.0,unspecified
3246,4,22,0.0,0.0,unspecified
3254,4,22,0.0,0.0,unspecified
3255,4,22,0.0,0.0,unspecified
3256,4,22,0.0,0.0,unspecified
3740,4,22,0.0,0.0,unspecified
3744,4,22,0.0,0.0,unspecified
8905,4,22,0.0,0.0,unspecified
8906,4,22,0.0,0.0,unspecified
8907,4,22,0.0,0.0,unspecified
5729,4,19,0.0,0.0,unspecified
6054,4,19,0.0,0.0,unspecified
7771,4,19,0.0,0.0,unspecified
3855,4,18,0.0,0.0,unspecified
9696,4,17,0.0,0.0,unspecified
4068,4,14,0.0,0.0,unspecified
5035,4,14,0.0,0.0,unspecified
5331,4,14,0.0,1.0,total
5727,4,14,1.0,1.0,unspecified
7611,4,14,0.0,0.0,unspecified
7706,4,14,0.0,0.0,unspecified
8107,4,14,1.0,0.0,dissolved
8116,4,14,0.0,0.0,unspecified
8246,4,14,0.0,0.0,unspecified
8350,4,14,0.0,0.0,unspecified
8462,4,14,0.0,0.0,unspecified
9483,4,14,0.0,0.0,unspecified
9855,4,14,0.0,0.0,unspecified
9864,4,14,0.0,0.0,unspecified
9865,4,14,0.0,0.0,unspecified
9866,4,14,0.0,0.0,unspecified
9868,4,14,0.0,0.0,unspecified
9870,4,14,0.0,0.0,unspecified
9871,4,14,0.0,0.0,unspecified
8470,4,13,0.0,0.0,unspecified
6473,4,7,0.0,0.0,unspecified
2896,3,4440,0.0,0.0,unspecified
9618,3,480,0.0,0.0,unspecified
4049,3,477,0.0,0.0,unspecified
9456,3,477,0.0,0.0,unspecified
9458,3,477,0.0,0.0,unspecified
5568,3,475,0.0,0.0,unspecified
6541,3,475,0.0,0.0,unspecified
6542,3,475,0.0,0.0,unspecified
6547,3,475,0.0,0.0,unspecified
6578,3,475,0.0,0.0,unspecified
6579,3,475,0.0,0.0,unspecified
6604,3,475,0.0,0.0,unspecified
6658,3,475,0.0,0.0,unspecified
6659,3,475,0.0,0.0,unspecified
6690,3,475,0.0,0.0,unspecified
6697,3,475,0.0,0.0,unspecified
9145,3,475,0.0,0.0,unspecified
9457,3,475,0.0,0.0,unspecified
9619,3,475,0.0,0.0,unspecified
7574,3,472,0.0,0.0,unspecified
3783,3,465,0.0,0.0,unspecified
6537,3,465,0.0,0.0,unspecified
6540,3,465,0.0,0.0,unspecified
6543,3,464,0.0,0.0,unspecified
6544,3,464,0.0,0.0,unspecified
9684,3,464,0.0,0.0,unspecified
6605,3,463,0.0,0.0,unspecified
5234,3,461,0.0,0.0,unspecified
6376,3,460,0.0,0.0,unspecified
6744,3,457,0.0,0.0,unspecified
6711,3,452,0.0,0.0,unspecified
8847,3,426,0.0,0.0,unspecified
179,3,205,0.0,0.0,unspecified
7202,3,188,0.0,1.0,total
7216,3,177,0.0,1.0,total
7081,3,166,0.0,1.0,total
8162,3,132,0.0,0.0,unspecified
1066,3,106,0.0,0.0,unspecified
6552,3,95,0.0,0.0,unspecified
6554,3,95,0.0,0.0,unspecified
8047,3,95,0.0,0.0,unspecified
8049,3,95,0.0,0.0,unspecified
6583,3,90,0.0,0.0,unspecified
8050,3,90,0.0,0.0,unspecified
4760,3,84,0.0,0.0,unspecified
9809,3,66,1.0,0.0,dissolved
5046,3,58,0.0,0.0,unspecified
6030,3,24,0.0,0.0,unspecified
3743,3,21,0.0,0.0,unspecified
3745,3,21,0.0,0.0,unspecified
6676,3,21,0.0,0.0,unspecified
6677,3,21,0.0,0.0,unspecified
6843,3,21,0.0,0.0,unspecified
4640,3,20,0.0,0.0,unspecified
4641,3,20,0.0,0.0,unspecified
4382,3,13,0.0,1.0,total
4383,3,13,0.0,1.0,total
5036,3,13,0.0,0.0,unspecified
5405,3,13,0.0,0.0,unspecified
6872,3,12,0.0,0.0,unspecified
8342,3,10,0.0,0.0,unspecified
9199,3,10,0.0,0.0,unspecified
7341,3,8,1.0,0.0,dissolved
6373,3,6,0.0,1.0,total
7924,3,6,0.0,0.0,unspecified
3170,3,4,0.0,0.0,unspecified
171,2,225,0.0,0.0,unspecified
7016,2,225,0.0,0.0,unspecified
3683,2,219,0.0,1.0,total
2870,2,185,0.0,0.0,unspecified
28,2,174,0.0,0.0,unspecified
3018,2,174,0.0,0.0,unspecified
3024,2,174,0.0,0.0,unspecified
3017,2,173,0.0,0.0,unspecified
5031,2,153,0.0,0.0,unspecified
3124,2,99,0.0,0.0,unspecified
167,2,87,0.0,0.0,unspecified
2927,2,52,0.0,0.0,unspecified
2928,2,52,0.0,0.0,unspecified
2929,2,52,0.0,0.0,unspecified
2930,2,52,0.0,0.0,unspecified
2931,2,52,0.0,0.0,unspecified
2932,2,52,0.0,0.0,unspecified
2933,2,52,0.0,0.0,unspecified
2934,2,52,0.0,0.0,unspecified
2956,2,39,0.0,0.0,unspecified
2966,2,39,0.0,0.0,unspecified
3445,2,28,0.0,0.0,unspecified
3454,2,28,0.0,0.0,unspecified
8179,2,28,0.0,0.0,unspecified
8180,2,28,0.0,0.0,unspecified
8181,2,28,0.0,0.0,unspecified
8182,2,28,0.0,0.0,unspecified
8183,2,28,0.0,0.0,unspecified
8184,2,28,0.0,0.0,unspecified
8185,2,28,0.0,0.0,unspecified
8194,2,28,0.0,0.0,unspecified
8224,2,28,0.0,0.0,unspecified
8225,2,28,0.0,0.0,unspecified
8227,2,28,0.0,0.0,unspecified
8228,2,28,0.0,0.0,unspecified
8229,2,28,0.0,0.0,unspecified
8230,2,28,0.0,0.0,unspecified
8231,2,28,0.0,0.0,unspecified
8232,2,28,0.0,0.0,unspecified
8233,2,28,0.0,0.0,unspecified
3816,2,25,0.0,0.0,unspecified
4870,2,25,0.0,0.0,unspecified
3656,2,24,0.0,0.0,unspecified
8735,2,21,0.0,0.0,unspecified
4877,2,19,0.0,0.0,unspecified
4897,2,19,0.0,0.0,unspecified
4898,2,19,0.0,0.0,unspecified
4899,2,19,0.0,0.0,unspecified
4900,2,19,0.0,0.0,unspecified
4902,2,19,0.0,0.0,unspecified
3357,2,17,0.0,0.0,unspecified
4378,2,17,0.0,0.0,unspecified
4379,2,17,0.0,0.0,unspecified
4380,2,17,0.0,0.0,unspecified
4381,2,17,0.0,0.0,unspecified
4798,2,17,0.0,0.0,unspecified
4799,2,17,0.0,0.0,unspecified
4800,2,17,0.0,0.0,unspecified
5717,2,17,0.0,0.0,unspecified
5718,2,17,0.0,0.0,unspecified
5719,2,17,0.0,0.0,unspecified
5724,2,17,0.0,0.0,unspecified
5725,2,17,0.0,0.0,unspecified
5726,2,17,0.0,0.0,unspecified
2978,2,16,0.0,0.0,unspecified
5735,2,15,0.0,0.0,unspecified
7612,2,12,0.0,0.0,unspecified
8477,2,12,0.0,0.0,unspecified
8479,2,12,0.0,0.0,unspecified
9066,2,12,0.0,0.0,unspecified
3970,2,11,0.0,0.0,unspecified
8729,2,11,0.0,0.0,unspecified
8730,2,11,0.0,0.0,unspecified
8731,2,11,0.0,1.0,total
8755,2,11,0.0,0.0,unspecified
2861,2,9,0.0,0.0,unspecified
2862,2,9,0.0,0.0,unspecified
2863,2,9,0.0,0.0,unspecified
2864,2,9,0.0,0.0,unspecified
2865,2,9,0.0,0.0,unspecified
2866,2,9,0.0,0.0,unspecified
2901,2,9,0.0,0.0,unspecified
2902,2,9,0.0,0.0,unspecified
2903,2,9,0.0,0.0,unspecified
2904,2,9,0.0,0.0,unspecified
2906,2,9,0.0,0.0,unspecified
2907,2,9,0.0,0.0,unspecified
2908,2,9,0.0,0.0,unspecified
2909,2,9,0.0,0.0,unspecified
2910,2,9,0.0,0.0,unspecified
2911,2,9,0.0,0.0,unspecified
2912,2,9,0.0,0.0,unspecified
2913,2,9,0.0,0.0,unspecified
2914,2,9,0.0,0.0,unspecified
2915,2,9,0.0,0.0,unspecified
2916,2,9,0.0,0.0,unspecified
2918,2,9,0.0,0.0,unspecified
2998,2,9,0.0,0.0,unspecified
3003,2,9,0.0,0.0,unspecified
3005,2,9,0.0,0.0,unspecified
3006,2,9,0.0,0.0,unspecified
3011,2,9,0.0,0.0,unspecified
3012,2,9,0.0,0.0,unspecified
3014,2,9,0.0,0.0,unspecified
3015,2,9,0.0,0.0,unspecified
3016,2,9,0.0,0.0,unspecified
3029,2,9,0.0,0.0,unspecified
3031,2,9,0.0,0.0,unspecified
3032,2,9,0.0,0.0,unspecified
3033,2,9,0.0,0.0,unspecified
3034,2,9,0.0,0.0,unspecified
3035,2,9,0.0,0.0,unspecified
3036,2,9,0.0,0.0,unspecified
3037,2,9,0.0,0.0,unspecified
3846,2,7,0.0,0.0,unspecified
1093,2,6,0.0,0.0,unspecified
1110,2,6,0.0,0.0,unspecified
1112,2,6,0.0,0.0,unspecified
1113,2,6,0.0,0.0,unspecified
1114,2,6,0.0,0.0,unspecified
3951,2,6,0.0,0.0,unspecified
3952,2,6,0.0,0.0,unspecified
3953,2,6,0.0,0.0,unspecified
3956,2,6,0.0,0.0,unspecified
3983,2,6,0.0,0.0,unspecified
4108,2,6,0.0,0.0,unspecified
4109,2,6,0.0,0.0,unspecified
4110,2,6,0.0,0.0,unspecified
4409,2,6,0.0,0.0,unspecified
4753,2,6,0.0,0.0,unspecified
4755,2,6,0.0,0.0,unspecified
4790,2,6,0.0,0.0,unspecified
4892,2,6,0.0,0.0,unspecified
7334,2,6,0.0,0.0,unspecified
7930,2,6,0.0,0.0,unspecified
7932,2,6,0.0,0.0,unspecified
7933,2,6,0.0,0.0,unspecified
7934,2,6,0.0,0.0,unspecified
8251,2,6,0.0,0.0,unspecified
8252,2,6,0.0,0.0,unspecified
8253,2,6,0.0,0.0,unspecified
8254,2,6,0.0,0.0,unspecified
8255,2,6,0.0,0.0,unspecified
8256,2,6,0.0,0.0,unspecified
8257,2,6,0.0,0.0,unspecified
8258,2,6,0.0,0.0,unspecified
8259,2,6,0.0,0.0,unspecified
8260,2,6,0.0,0.0,unspecified
8261,2,6,0.0,0.0,unspecified
8262,2,6,0.0,0.0,unspecified
8263,2,6,0.0,0.0,unspecified
8264,2,6,0.0,0.0,unspecified
8265,2,6,0.0,0.0,unspecified
8266,2,6,0.0,0.0,unspecified
8267,2,6,0.0,0.0,unspecified
8268,2,6,0.0,0.0,unspecified
8269,2,6,0.0,0.0,unspecified
8270,2,6,0.0,0.0,unspecified
8271,2,6,0.0,0.0,unspecified
8272,2,6,0.0,0.0,unspecified
8274,2,6,0.0,0.0,unspecified
8275,2,6,0.0,0.0,unspecified
8276,2,6,0.0,0.0,unspecified
8277,2,6,0.0,0.0,unspecified
8278,2,6,0.0,0.0,unspecified
8279,2,6,0.0,0.0,unspecified
8280,2,6,0.0,0.0,unspecified
8281,2,6,0.0,0.0,unspecified
8282,2,6,0.0,0.0,unspecified
8283,2,6,0.0,0.0,unspecified
8284,2,6,0.0,1.0,total
8285,2,6,0.0,0.0,unspecified
8286,2,6,0.0,0.0,unspecified
8372,2,6,0.0,0.0,unspecified
9912,2,6,0.0,0.0,unspecified
9980,2,6,0.0,0.0,unspecified
3849,2,5,0.0,0.0,unspecified
5733,2,5,0.0,0.0,unspecified
5736,2,5,0.0,0.0,unspecified
7138,2,5,1.0,0.0,dissolved
7198,2,5,0.0,1.0,total
8943,2,5,0.0,0.0,unspecified
5861,2,4,0.0,0.0,unspecified
6666,2,4,0.0,0.0,unspecified
7170,2,4,0.0,0.0,unspecified
8238,2,4,0.0,0.0,unspecified
8395,2,4,0.0,1.0,total
9166,2,4,0.0,0.0,unspecified
9466,2,4,0.0,0.0,unspecified
9467,2,4,0.0,0.0,unspecified
9468,2,4,0.0,0.0,unspecified
68,2,3,0.0,0.0,unspecified
8104,2,3,0.0,0.0,unspecified
8743,2,3,0.0,0.0,unspecified
2976,2,2,0.0,0.0,unspecified
8288,1,1412,0.0,0.0,unspecified
6360,1,1409,0.0,0.0,unspecified
2347,1,191,0.0,0.0,unspecified
1183,1,186,0.0,0.0,unspecified
4370,1,162,0.0,0.0,unspecified
9935,1,151,0.0,0.0,unspecified
3257,1,138,0.0,0.0,unspecified
143,1,128,0.0,0.0,unspecified
2550,1,123,0.0,0.0,unspecified
6423,1,123,0.0,0.0,unspecified
67,1,109,0.0,0.0,unspecified
9200,1,85,0.0,0.0,unspecified
99,1,72,0.0,1.0,total
9731,1,71,1.0,0.0,dissolved
9736,1,71,1.0,0.0,dissolved
9741,1,71,1.0,0.0,dissolved
2551,1,59,0.0,0.0,unspecified
9746,1,58,1.0,0.0,dissolved
3653,1,46,0.0,0.0,unspecified
3654,1,46,0.0,0.0,unspecified
3655,1,46,0.0,0.0,unspecified
3678,1,46,0.0,0.0,unspecified
3679,1,46,0.0,0.0,unspecified
3684,1,46,0.0,0.0,unspecified
3685,1,46,0.0,0.0,unspecified
3686,1,46,0.0,0.0,unspecified
3687,1,46,0.0,0.0,unspecified
3688,1,46,0.0,0.0,unspecified
3689,1,46,0.0,0.0,unspecified
3690,1,46,0.0,0.0,unspecified
3691,1,46,0.0,0.0,unspecified
3692,1,46,0.0,0.0,unspecified
3693,1,46,0.0,0.0,unspecified
3696,1,46,0.0,0.0,unspecified
3699,1,46,0.0,0.0,unspecified
3704,1,46,0.0,0.0,unspecified
3705,1,46,0.0,0.0,unspecified
3706,1,46,0.0,0.0,unspecified
3707,1,46,0.0,0.0,unspecified
3708,1,46,0.0,0.0,unspecified
3709,1,46,0.0,0.0,unspecified
3710,1,46,0.0,0.0,unspecified
3711,1,46,0.0,0.0,unspecified
3712,1,46,0.0,0.0,unspecified
3713,1,46,0.0,0.0,unspecified
3714,1,46,0.0,0.0,unspecified
3715,1,46,0.0,0.0,unspecified
3716,1,46,0.0,0.0,unspecified
3717,1,46,0.0,0.0,unspecified
3718,1,46,0.0,0.0,unspecified
7379,1,46,0.0,0.0,unspecified
5104,1,40,0.0,0.0,unspecified
2980,1,36,0.0,0.0,unspecified
2939,1,32,0.0,1.0,total
3458,1,31,0.0,0.0,unspecified
3449,1,29,0.0,1.0,total
9823,1,28,0.0,0.0,unspecified
4063,1,26,0.0,0.0,unspecified
7072,1,26,0.0,0.0,unspecified
7073,1,26,0.0,0.0,unspecified
739,1,26,0.0,1.0,total
9364,1,26,0.0,0.0,unspecified
9366,1,26,0.0,0.0,unspecified
9583,1,24,0.0,1.0,total
2876,1,22,0.0,0.0,unspecified
7609,1,22,0.0,0.0,unspecified
8062,1,19,0.0,0.0,unspecified
3267,1,18,0.0,0.0,unspecified
346,1,18,1.0,0.0,dissolved
9727,1,18,1.0,0.0,dissolved
4322,1,16,1.0,0.0,dissolved
9238,1,16,0.0,0.0,unspecified
2323,1,15,0.0,0.0,unspecified
2325,1,15,0.0,0.0,unspecified
3346,1,15,0.0,0.0,unspecified
9835,1,15,0.0,1.0,total
9896,1,15,0.0,0.0,unspecified
2920,1,14,0.0,0.0,unspecified
4140,1,14,0.0,0.0,unspecified
4148,1,14,0.0,0.0,unspecified
4368,1,14,0.0,0.0,unspecified
4369,1,14,0.0,0.0,unspecified
4371,1,14,0.0,0.0,unspecified
4372,1,14,0.0,0.0,unspecified
4373,1,14,0.0,0.0,unspecified
5332,1,14,0.0,0.0,unspecified
5333,1,14,0.0,0.0,unspecified
5712,1,14,0.0,0.0,unspecified
5713,1,14,0.0,0.0,unspecified
5714,1,14,0.0,0.0,unspecified
5715,1,14,0.0,0.0,unspecified
5716,1,14,0.0,0.0,unspecified
5720,1,14,0.0,0.0,unspecified
5722,1,14,0.0,0.0,unspecified
5723,1,14,0.0,0.0,unspecified
9484,1,14,0.0,0.0,unspecified
3852,1,13,0.0,0.0,unspecified
1153,1,12,1.0,0.0,dissolved
8384,1,12,0.0,0.0,unspecified
6564,1,11,0.0,0.0,unspecified
6940,1,11,0.0,1.0,total
5548,1,10,0.0,0.0,unspecified
7075,1,10,0.0,0.0,unspecified
7077,1,10,0.0,0.0,unspecified
738,1,10,0.0,0.0,unspecified
8347,1,9,0.0,0.0,unspecified
1065,1,8,0.0,0.0,unspecified
1075,1,8,0.0,0.0,unspecified
1076,1,8,0.0,0.0,unspecified
1088,1,8,0.0,0.0,unspecified
9143,1,8,0.0,1.0,total
1042,1,7,0.0,0.0,unspecified
3818,1,7,0.0,0.0,unspecified
4024,1,7,0.0,0.0,unspecified
4025,1,7,0.0,0.0,unspecified
4907,1,7,0.0,0.0,unspecified
8637,1,7,0.0,0.0,unspecified
8638,1,7,0.0,0.0,unspecified
1068,1,6,0.0,0.0,unspecified
1069,1,6,0.0,0.0,unspecified
191,1,6,1.0,0.0,dissolved
2859,1,6,0.0,0.0,unspecified
2860,1,6,0.0,0.0,unspecified
2917,1,6,0.0,0.0,unspecified
3127,1,6,0.0,0.0,unspecified
3258,1,6,0.0,0.0,unspecified
4005,1,6,0.0,0.0,unspecified
4006,1,6,0.0,0.0,unspecified
4007,1,6,0.0,0.0,unspecified
4008,1,6,0.0,0.0,unspecified
4009,1,6,0.0,0.0,unspecified
4011,1,6,0.0,0.0,unspecified
4012,1,6,0.0,0.0,unspecified
4015,1,6,0.0,0.0,unspecified
4016,1,6,0.0,0.0,unspecified
4023,1,6,0.0,0.0,unspecified
4031,1,6,0.0,0.0,unspecified
4032,1,6,0.0,0.0,unspecified
4147,1,6,0.0,0.0,unspecified
7277,1,6,0.0,0.0,unspecified
749,1,6,0.0,0.0,unspecified
8195,1,6,0.0,0.0,unspecified
8196,1,6,0.0,0.0,unspecified
8198,1,6,0.0,0.0,unspecified
8199,1,6,0.0,0.0,unspecified
8200,1,6,0.0,0.0,unspecified
8201,1,6,0.0,0.0,unspecified
8202,1,6,0.0,0.0,unspecified
8203,1,6,0.0,0.0,unspecified
8204,1,6,0.0,0.0,unspecified
8205,1,6,0.0,0.0,unspecified
8206,1,6,0.0,0.0,unspecified
8207,1,6,0.0,0.0,unspecified
8208,1,6,0.0,0.0,unspecified
8209,1,6,0.0,0.0,unspecified
8210,1,6,0.0,0.0,unspecified
8211,1,6,0.0,0.0,unspecified
8220,1,6,0.0,0.0,unspecified
83,1,6,1.0,0.0,dissolved
8697,1,6,0.0,0.0,unspecified
8698,1,6,0.0,0.0,unspecified
8699,1,6,0.0,0.0,unspecified
8700,1,6,0.0,0.0,unspecified
8701,1,6,0.0,0.0,unspecified
8702,1,6,0.0,0.0,unspecified
8703,1,6,0.0,0.0,unspecified
8704,1,6,0.0,0.0,unspecified
8705,1,6,0.0,0.0,unspecified
8706,1,6,0.0,0.0,unspecified
8707,1,6,0.0,0.0,unspecified
8708,1,6,0.0,0.0,unspecified
8709,1,6,0.0,0.0,unspecified
8710,1,6,0.0,0.0,unspecified
8711,1,6,0.0,0.0,unspecified
8712,1,6,0.0,0.0,unspecified
8722,1,6,0.0,0.0,unspecified
9751,1,6,1.0,0.0,dissolved
4374,1,5,0.0,0.0,unspecified
4754,1,5,0.0,0.0,unspecified
4801,1,5,0.0,0.0,unspecified
4803,1,5,0.0,0.0,unspecified
4804,1,5,0.0,0.0,unspecified
4805,1,5,0.0,0.0,unspecified
4806,1,5,0.0,0.0,unspecified
4807,1,5,0.0,0.0,unspecified
4808,1,5,0.0,0.0,unspecified
4810,1,5,0.0,0.0,unspecified
4811,1,5,0.0,0.0,unspecified
4812,1,5,0.0,0.0,unspecified
4813,1,5,0.0,0.0,unspecified
4814,1,5,0.0,0.0,unspecified
7315,1,5,0.0,0.0,unspecified
3847,1,4,0.0,0.0,unspecified
3856,1,4,0.0,0.0,unspecified
9253,1,4,1.0,0.0,dissolved
3358,1,3,0.0,0.0,unspecified
3413,1,3,0.0,0.0,unspecified
8456,1,3,0.0,0.0,unspecified
9432,1,3,0.0,0.0,unspecified
9440,1,3,0.0,0.0,unspecified
2935,1,2,0.0,0.0,unspecified
3116,1,2,0.0,0.0,unspecified
3120,1,2,0.0,0.0,unspecified
3807,1,2,0.0,0.0,unspecified
3808,1,2,0.0,0.0,unspecified
3865,1,2,0.0,0.0,unspecified
3866,1,2,0.0,0.0,unspecified
4081,1,2,0.0,0.0,unspecified
4770,1,2,0.0,0.0,unspecified
5236,1,2,0.0,0.0,unspecified
5288,1,2,0.0,0.0,unspecified
5289,1,2,0.0,0.0,unspecified
5291,1,2,0.0,0.0,unspecified
5293,1,2,0.0,0.0,unspecified
5294,1,2,0.0,0.0,unspecified
5296,1,2,0.0,0.0,unspecified
5297,1,2,0.0,0.0,unspecified
5301,1,2,0.0,0.0,unspecified
5302,1,2,0.0,0.0,unspecified
6661,1,2,0.0,0.0,unspecified
6720,1,2,0.0,0.0,unspecified
6841,1,2,0.0,0.0,unspecified
6865,1,2,0.0,0.0,unspecified
7235,1,2,0.0,0.0,unspecified
7567,1,2,0.0,0.0,unspecified
7888,1,2,0.0,0.0,unspecified
8068,1,2,0.0,0.0,unspecified
8076,1,2,0.0,1.0,total
8078,1,2,0.0,0.0,unspecified
8079,1,2,0.0,0.0,unspecified
8313,1,2,0.0,0.0,unspecified
8314,1,2,0.0,0.0,unspecified
8315,1,2,0.0,0.0,unspecified
8316,1,2,0.0,0.0,unspecified
8317,1,2,0.0,0.0,unspecified
8318,1,2,0.0,0.0,unspecified
8319,1,2,0.0,0.0,unspecified
8320,1,2,0.0,0.0,unspecified
8321,1,2,0.0,0.0,unspecified
8661,1,2,0.0,0.0,unspecified
8733,1,2,0.0,1.0,total
8736,1,2,0.0,0.0,unspecified
8742,1,2,0.0,0.0,unspecified
8837,1,2,0.0,0.0,unspecified
8869,1,2,0.0,0.0,unspecified
8870,1,2,0.0,0.0,unspecified
8871,1,2,0.0,0.0,unspecified
8917,1,2,0.0,0.0,unspecified
8974,1,2,0.0,0.0,unspecified
8976,1,2,0.0,0.0,unspecified
8977,1,2,0.0,0.0,unspecified
9357,1,2,1.0,0.0,dissolved
9929,1,2,0.0,0.0,unspecified
9953,1,2,0.0,0.0,unspecified
164,1,1,0.0,0.0,unspecified
186,1,1,0.0,0.0,unspecified
3049,1,1,0.0,1.0,total
3064,1,1,0.0,0.0,unspecified
3138,1,1,0.0,0.0,unspecified
3139,1,1,0.0,0.0,unspecified
3140,1,1,0.0,0.0,unspecified
3322,1,1,0.0,0.0,unspecified
3336,1,1,0.0,0.0,unspecified
3338,1,1,0.0,0.0,unspecified
3339,1,1,0.0,0.0,unspecified
3435,1,1,0.0,0.0,unspecified
3448,1,1,0.0,0.0,unspecified
3494,1,1,0.0,1.0,total
3495,1,1,0.0,0.0,unspecified
3778,1,1,0.0,0.0,unspecified
3789,1,1,0.0,0.0,unspecified
4771,1,1,0.0,0.0,unspecified
5283,1,1,0.0,0.0,unspecified
5284,1,1,0.0,0.0,unspecified
5680,1,1,0.0,0.0,unspecified
5681,1,1,0.0,0.0,unspecified
5682,1,1,0.0,0.0,unspecified
5683,1,1,0.0,0.0,unspecified
5689,1,1,0.0,0.0,unspecified
5690,1,1,0.0,0.0,unspecified
5883,1,1,0.0,0.0,unspecified
5884,1,1,0.0,0.0,unspecified
6461,1,1,0.0,0.0,unspecified
7199,1,1,0.0,1.0,total
7201,1,1,0.0,1.0,total
7204,1,1,0.0,1.0,total
7782,1,1,0.0,0.0,unspecified
7833,1,1,0.0,1.0,total
7904,1,1,0.0,0.0,unspecified
7996,1,1,0.0,1.0,total
7999,1,1,0.0,1.0,total
8000,1,1,0.0,1.0,total
8212,1,1,0.0,1.0,total
8213,1,1,0.0,1.0,total
8214,1,1,0.0,1.0,total
8215,1,1,0.0,1.0,total
8216,1,1,0.0,1.0,total
8217,1,1,0.0,1.0,total
8218,1,1,0.0,1.0,total
8219,1,1,0.0,1.0,total
8387,1,1,0.0,1.0,total
9039,1,1,0.0,1.0,total
9260,1,1,0.0,0.0,unspecified
9925,1,1,0.0,0.0,unspecified
